City_ID,City,Cloudiness,Country,Date,Humidity,Lat,Lng,Max Temp,Wind Speed
0,mataura,76,NZ,1535410162,86,-46.19,168.86,45.66,15.66
1,yellowknife,75,CA,1535407200,71,62.45,-114.38,57.2,13.87
2,ponta do sol,20,BR,1535410163,77,-20.63,-46.0,63.21,8.05
3,rikitea,32,PF,1535410163,100,-23.12,-134.97,73.83,8.95
4,faanui,76,PF,1535410163,100,-16.48,-151.75,79.32,14.09
5,kapaa,90,US,1535409360,90,22.08,-159.32,78.98,6.93
6,viedma,0,AR,1535410163,34,-40.81,-62.99,61.86,8.16
7,arroyo,1,US,1535406840,71,41.39,-78.88,84.92,5.82
8,esperance,20,TT,1535407200,74,10.24,-61.45,84.2,8.05
9,upernavik,92,GL,1535410164,100,72.79,-56.15,36.93,1.45
10,butaritari,56,KI,1535410164,100,3.07,172.79,84.27,9.84
11,ribeira grande,12,PT,1535410164,100,38.52,-28.7,73.29,5.14
12,cabo san lucas,75,MX,1535406180,70,22.89,-109.91,89.6,6.93
13,la mina,20,CL,1535407200,76,-34.7,-71.28,57.2,8.05
14,punta arenas,40,CL,1535407200,100,-53.16,-70.91,39.2,23.04
15,atuona,0,PF,1535410165,99,-9.8,-139.03,79.77,15.88
16,ushuaia,75,AR,1535407200,95,-54.81,-68.31,42.8,19.46
17,busselton,0,AU,1535409917,100,-33.64,115.35,57.45,14.99
18,hermanus,76,ZA,1535409905,100,-34.42,19.24,48.45,4.36
19,jamestown,0,AU,1535410165,63,-33.21,138.6,50.61,11.41
20,benghazi,0,LY,1535410166,100,32.12,20.07,81.12,14.99
21,severo-kurilsk,0,RU,1535410166,87,50.68,156.12,53.67,16.22
22,avarua,20,CK,1535407200,60,-21.21,-159.78,75.2,11.41
23,qaanaaq,88,GL,1535410166,100,77.48,-69.36,32.52,1.57
24,thompson,75,CA,1535407200,53,55.74,-97.86,51.8,9.17
25,leningradskiy,8,RU,1535410166,100,69.38,178.42,35.49,3.69
26,cayenne,20,GF,1535409000,83,4.94,-52.33,80.6,6.6
27,avera,1,US,1535409300,41,33.19,-82.53,93.92,3.91
28,te anau,92,NZ,1535410167,100,-45.41,167.72,40.35,3.47
29,new norfolk,75,AU,1535409000,86,-42.78,147.06,41.0,10.29
30,batagay-alyta,0,RU,1535410167,79,67.8,130.41,52.77,3.58
31,san patricio,0,PY,1535410167,72,-26.98,-56.83,53.31,4.59
32,dingle,8,PH,1535410168,74,11.0,122.67,82.92,2.91
33,tuktoyaktuk,75,CA,1535407200,81,69.44,-133.03,44.6,12.75
34,codajas,68,BR,1535410168,92,-3.84,-62.06,77.16,1.9
35,haradok,80,BY,1535410168,94,55.46,29.99,54.21,7.61
36,port elizabeth,1,US,1535406960,65,39.31,-74.98,89.06,4.7
37,caravelas,0,BR,1535407200,83,-17.73,-39.27,77.0,11.41
38,hobart,75,AU,1535409000,86,-42.88,147.33,41.0,10.29
39,puerto ayora,40,EC,1535407200,65,-0.74,-90.35,78.8,9.17
40,iqaluit,75,CA,1535407200,87,63.75,-68.52,42.8,4.7
41,georgetown,40,GY,1535407200,94,6.8,-58.16,77.0,4.7
42,prokopyevsk,0,RU,1535410169,91,53.89,86.74,52.77,12.64
43,seoul,75,KR,1535409000,83,37.57,126.98,75.2,5.82
44,mahebourg,40,MU,1535407200,64,-20.41,57.7,71.6,14.99
45,beringovskiy,100,RU,1535410170,100,63.05,179.32,50.97,6.26
46,kahului,40,US,1535406960,72,20.89,-156.47,86.0,20.8
47,kavaratti,44,IN,1535410170,100,10.57,72.64,75.27,7.16
48,bluff,0,AU,1535410170,38,-23.58,149.07,67.98,7.49
49,hilo,90,US,1535408040,93,19.71,-155.08,75.92,6.93
50,penzance,68,GB,1535406600,87,50.12,-5.53,57.2,8.05
51,richards bay,0,ZA,1535410171,87,-28.77,32.06,53.22,3.02
52,aktau,0,KZ,1535407200,42,43.65,51.16,66.2,13.42
53,katsuura,40,JP,1535407200,78,33.93,134.5,80.6,3.36
54,bredasdorp,92,ZA,1535407200,93,-34.53,20.04,53.6,10.29
55,umba,36,RU,1535410171,98,66.69,34.34,54.39,11.74
56,aleysk,8,RU,1535410171,92,52.5,82.77,52.32,10.18
57,grenville,75,CA,1535407200,73,45.62,-74.6,78.8,5.82
58,tiksi,0,RU,1535410172,86,71.64,128.87,52.23,4.14
59,san cristobal,75,EC,1535407200,58,-0.39,-78.55,59.0,21.92
60,yulara,0,AU,1535407200,35,-25.24,130.99,42.8,5.82
61,dalvik,75,SE,1535408400,100,57.79,14.13,53.6,4.7
62,barnstead,1,US,1535408100,64,43.33,-71.29,86.0,4.7
63,mabai,56,CN,1535410173,93,23.01,104.4,67.71,2.57
64,dikson,92,RU,1535410173,92,73.51,80.55,50.07,21.03
65,souillac,0,FR,1535409000,77,45.6,-0.6,68.0,8.05
66,mount isa,0,AU,1535409000,17,-20.73,139.49,64.4,8.05
67,tautira,20,PF,1535409000,62,-17.73,-149.15,84.2,13.87
68,sitka,8,US,1535410174,56,37.17,-99.65,88.59,14.65
69,vostok,100,RU,1535410174,100,46.45,135.83,57.54,2.68
70,pangnirtung,75,CA,1535407200,86,66.15,-65.72,41.0,6.93
71,kenai,40,US,1535406960,71,60.55,-151.26,57.92,14.99
72,tasiilaq,0,GL,1535406600,75,65.61,-37.64,41.0,5.82
73,port macquarie,40,AU,1535407200,62,-31.43,152.91,53.6,8.05
74,vaini,92,IN,1535410175,98,15.34,74.49,68.25,4.03
75,vilhena,0,BR,1535407200,51,-12.74,-60.15,82.4,3.36
76,tocopilla,0,CL,1535410175,100,-22.09,-70.2,57.27,3.8
77,padang,44,ID,1535410175,100,-0.92,100.36,81.84,7.61
78,kodiak,1,US,1535406780,54,39.95,-94.76,93.02,26.4
79,naze,40,NG,1535407200,88,5.43,7.07,78.8,5.03
80,jiangkou,8,CN,1535410176,87,30.7,117.56,81.84,3.91
81,vila velha,0,BR,1535407200,78,-3.71,-38.6,78.8,8.05
82,taloqan,0,AF,1535410176,59,36.74,69.54,48.09,3.8
83,boca do acre,0,BR,1535410176,69,-8.76,-67.39,75.09,3.58
84,coihaique,75,CL,1535407200,61,-45.58,-72.07,48.2,5.82
85,calabazar de sagua,75,CU,1535406600,74,22.65,-79.9,82.4,3.36
86,dasoguz,0,TM,1535407200,55,41.84,59.97,64.4,4.7
87,chapais,75,CA,1535407200,73,49.78,-74.86,71.6,12.75
88,port alfred,36,ZA,1535410177,75,-33.59,26.89,62.04,21.7
89,davila,75,PH,1535407200,94,18.47,120.58,77.0,2.24
90,bethel,90,US,1535406780,77,60.79,-161.76,53.06,9.17
91,carnarvon,0,ZA,1535410178,75,-30.97,22.13,24.87,3.36
92,ilulissat,32,GL,1535406600,74,69.22,-51.1,35.6,3.36
93,jeremie,64,HT,1535410179,100,18.65,-74.12,79.05,2.35
94,saint-philippe,75,CA,1535408100,65,45.36,-73.48,78.8,11.41
95,camacha,40,PT,1535407200,78,33.08,-16.33,71.6,6.93
96,butembo,92,CD,1535410179,99,0.12,29.29,60.87,2.57
97,hithadhoo,68,MV,1535410179,100,-0.6,73.08,82.92,6.15
98,harper,40,US,1535408100,30,30.3,-99.24,96.98,13.87
99,bilma,0,NE,1535410180,37,18.69,12.92,79.23,2.24
100,manicore,8,BR,1535410180,85,-5.81,-61.3,79.14,2.01
101,gat,90,SN,1535407200,88,14.69,-16.54,80.6,4.14
102,halifax,75,CA,1535407200,73,44.65,-63.58,77.0,6.93
103,ostrovnoy,56,RU,1535410180,93,68.05,39.51,49.35,13.2
104,albany,75,US,1535406900,57,42.65,-73.75,86.0,3.36
105,sistranda,75,NO,1535406600,93,63.73,8.83,51.8,2.24
106,salalah,90,OM,1535406600,100,17.01,54.1,75.2,4.7
107,norman wells,90,CA,1535408760,87,65.28,-126.83,53.6,8.05
108,vila,0,IT,1535406600,72,45.18,8.4,64.4,3.36
109,fortuna,75,ES,1535409000,78,38.18,-1.13,78.8,6.93
110,port-cartier,75,CA,1535407200,72,50.03,-66.88,68.0,6.93
111,cap malheureux,40,MU,1535407200,64,-19.98,57.61,71.6,14.99
112,chuy,0,UY,1535410182,82,-33.69,-53.46,51.87,11.3
113,chokurdakh,0,RU,1535409930,86,70.62,147.9,50.52,5.59
114,luderitz,0,NA,1535410182,62,-26.65,15.16,53.04,15.32
115,east london,0,ZA,1535409893,100,-33.02,27.91,63.39,28.86
116,conde,88,BR,1535410183,94,-11.81,-37.61,73.74,8.61
117,coquimbo,20,CL,1535407200,76,-29.95,-71.34,55.4,5.82
118,pochutla,75,MX,1535406060,74,15.74,-96.47,80.6,4.25
119,saint george,75,GR,1535406600,83,39.45,22.34,69.8,4.7
120,kandrian,68,PG,1535409938,82,-6.21,149.55,82.2,4.03
121,doha,0,QA,1535407200,84,25.29,51.53,91.4,10.29
122,mandalgovi,12,MN,1535410183,81,45.76,106.27,57.9,6.49
123,sibolga,56,ID,1535410184,95,1.74,98.78,69.06,1.34
124,tuatapere,80,NZ,1535410184,100,-46.13,167.69,44.22,15.43
125,airai,8,TL,1535410184,76,-8.93,125.41,72.57,2.24
126,kavieng,64,PG,1535410184,100,-2.57,150.8,84.72,5.59
127,bambous virieux,40,MU,1535407200,64,-20.34,57.76,71.6,14.99
128,provideniya,40,RU,1535407200,71,64.42,-173.23,50.0,13.42
129,sembakung,36,ID,1535410185,97,3.82,117.25,77.43,2.91
130,lagoa,75,PT,1535407200,88,37.14,-8.45,75.2,4.7
131,sikonge,92,TZ,1535410185,24,-5.63,32.75,74.19,8.16
132,anton,92,PA,1535410186,100,8.4,-80.27,73.65,2.57
133,dossor,0,KZ,1535410186,62,47.52,52.98,59.97,2.8
134,okhotsk,0,RU,1535410186,88,59.36,143.24,62.13,3.91
135,meulaboh,24,ID,1535410186,100,4.14,96.13,77.61,6.15
136,manhush,0,UA,1535410186,83,47.06,37.31,74.64,19.01
137,anchorage,90,US,1535406960,73,61.22,-149.89,60.98,8.05
138,muisne,80,EC,1535410187,74,0.61,-80.02,77.07,7.61
139,bereda,0,ES,1535409000,82,43.27,-7.54,68.0,3.36
140,narsaq,0,GL,1535406600,57,60.91,-46.05,48.2,8.05
141,lompoc,1,US,1535409300,41,34.64,-120.46,78.8,14.99
142,kailua,75,US,1535407020,77,21.39,-157.74,82.94,11.41
143,pisco,40,PE,1535407200,30,-13.71,-76.2,71.6,8.05
144,cortez,20,US,1535406780,21,37.35,-108.58,86.0,19.46
145,banjar,68,ID,1535410188,95,-7.37,108.54,70.59,3.13
146,mikuni,75,JP,1535407200,83,36.22,136.15,77.0,3.36
147,koslan,36,RU,1535410188,79,63.46,48.9,60.87,4.36
148,istok,32,PL,1535410189,90,52.85,23.44,50.52,2.57
149,puerto escondido,75,MX,1535406060,74,15.86,-97.07,80.6,5.7
150,oyama,90,JP,1535407200,94,36.31,139.8,73.4,8.05
151,college,90,US,1535408280,76,64.86,-147.8,55.94,11.41
152,ati,12,TD,1535410189,66,13.21,18.34,79.14,3.69
153,mar del plata,0,AR,1535410190,49,-46.43,-67.52,52.86,24.72
154,codrington,0,AU,1535410190,85,-28.95,153.24,59.97,3.36
155,bima,32,ID,1535410190,100,-8.45,118.73,74.01,2.68
156,talnakh,0,RU,1535410190,86,69.49,88.39,47.1,2.57
157,kathu,0,ZA,1535410190,50,-27.7,23.05,32.97,7.72
158,khatanga,0,RU,1535410190,79,71.98,102.47,52.14,4.59
159,gafargaon,75,BD,1535409000,83,24.46,90.55,82.4,9.17
160,kanash,0,RU,1535407200,76,55.51,47.5,57.2,6.71
161,batarci,92,RO,1535407200,93,48.03,23.17,64.4,1.12
162,sorland,24,NO,1535410191,100,67.67,12.69,51.15,10.18
163,pacific grove,1,US,1535409300,60,36.62,-121.92,69.8,14.99
164,puri,20,ID,1535407200,83,-7.54,112.45,77.0,2.24
165,jining,92,CN,1535410091,97,35.41,116.58,76.8,5.03
166,boddam,90,GB,1535408400,87,57.47,-1.78,53.6,2.24
167,barrow,20,AR,1535410192,35,-38.31,-60.23,66.18,20.02
168,champerico,75,MX,1535406540,52,16.38,-93.6,87.8,9.17
169,port-gentil,75,GA,1535407200,88,-0.72,8.78,78.8,8.05
170,port hedland,0,AU,1535409000,71,-20.31,118.58,55.4,4.7
171,nikolskoye,48,RU,1535407200,93,59.7,30.79,53.6,2.24
172,paamiut,24,GL,1535410193,100,61.99,-49.67,41.34,10.4
173,lydenburg,0,ZA,1535410194,91,-25.1,30.46,42.24,2.24
174,uglovka,56,RU,1535410194,99,58.24,33.51,54.21,4.92
175,altay,32,CN,1535410194,74,47.83,88.13,34.68,2.24
176,la ronge,90,CA,1535407200,81,55.1,-105.3,50.0,12.75
177,cusuna,80,HN,1535410194,77,15.85,-85.23,77.16,1.68
178,bealanana,0,MG,1535410194,87,-14.54,48.75,46.56,2.8
179,pevek,32,RU,1535410195,100,69.7,170.27,35.67,5.37
180,bay city,1,US,1535408100,66,43.59,-83.89,84.74,9.17
181,aklavik,90,CA,1535407200,87,68.22,-135.01,50.0,8.05
182,sinnamary,8,GF,1535410195,97,5.38,-52.96,81.66,8.5
183,margate,75,AU,1535409000,86,-43.03,147.26,41.0,10.29
184,guamal,44,CO,1535410196,100,9.14,-74.22,76.44,3.58
185,tabou,92,CI,1535410196,100,4.42,-7.36,78.06,8.61
186,uivar,75,RO,1535407200,88,45.66,20.91,66.2,5.82
187,edmundston,1,CA,1535406840,49,47.36,-68.33,82.04,2.24
188,utmanzai,20,PK,1535407200,69,34.19,71.76,80.6,4.7
189,matongo,0,BI,1535410197,89,-3.07,29.61,52.32,2.35
190,seddon,32,NZ,1535410197,86,-41.67,174.07,55.02,6.93
191,suntar,32,RU,1535410197,86,62.16,117.65,61.05,3.69
192,sal rei,75,CV,1535407200,73,16.18,-22.92,77.0,11.41
193,taoudenni,0,ML,1535410197,26,22.68,-3.98,80.94,4.25
194,la rioja,0,AR,1535410198,48,-29.41,-66.86,58.26,7.16
195,orbetello,0,IT,1535406900,77,42.44,11.21,62.6,2.24
196,umm lajj,0,SA,1535410198,100,25.02,37.27,75.9,3.8
197,tongchuan,0,CN,1535407200,69,34.9,108.95,73.4,6.71
198,cape town,75,ZA,1535407200,93,-33.93,18.42,53.6,5.82
199,les escoumins,48,CA,1535410198,89,48.35,-69.4,67.71,2.57
200,ambunti,68,PG,1535410199,93,-4.22,142.82,78.06,1.9
201,nizwa,24,OM,1535410199,54,22.93,57.53,74.1,1.79
202,torbay,40,CA,1535407200,82,47.66,-52.73,64.4,8.05
203,mae hong son,92,MM,1535410199,100,19.3,97.96,68.79,2.13
204,ipswich,20,AU,1535409000,76,-27.62,152.76,60.8,1.12
205,birsk,0,RU,1535410200,86,55.42,55.54,45.39,2.8
206,port lincoln,24,AU,1535410200,92,-34.72,135.86,57.27,20.47
207,arraial do cabo,68,BR,1535410200,96,-22.97,-42.02,68.43,10.07
208,xichang,24,CN,1535410200,92,27.88,102.25,56.37,2.01
209,varkkallai,40,IN,1535409000,88,8.73,76.71,77.0,6.93
210,aykhal,12,RU,1535410200,70,65.95,111.51,56.91,3.8
211,san severino marche,0,IT,1535406900,51,43.23,13.18,64.4,4.7
212,honiara,40,SB,1535407200,83,-9.43,159.96,82.4,4.7
213,totoral,0,BO,1535410201,58,-18.5,-66.87,34.23,2.57
214,gondanglegi,32,ID,1535410201,89,-7.75,112.01,71.31,5.82
215,broome,0,GB,1535408400,77,52.47,1.45,60.8,5.82
216,cockburn town,88,TC,1535410202,95,21.46,-71.14,84.09,19.69
217,kattivakkam,75,IN,1535409000,94,13.22,80.32,78.8,4.7
218,vanavara,32,RU,1535410202,83,60.35,102.28,58.44,5.93
219,half moon bay,40,US,1535407080,53,37.46,-122.43,78.8,12.75
220,lorengau,80,PG,1535410202,100,-2.02,147.27,82.2,6.93
221,north bend,1,US,1535408100,72,43.41,-124.22,66.2,21.92
222,rio gallegos,75,AR,1535407200,70,-51.62,-69.22,42.8,24.16
223,saskylakh,8,RU,1535410203,84,71.97,114.09,53.94,4.36
224,oranjemund,0,ZA,1535410203,97,-28.55,16.43,55.83,26.62
225,constitucion,90,MX,1535406540,68,23.99,-104.67,64.4,8.05
226,algeciras,40,ES,1535407200,83,36.13,-5.45,73.4,8.05
227,baykalovo,20,RU,1535407200,100,64.58,40.26,50.0,6.71
228,tual,100,ID,1535410204,98,-5.67,132.75,79.41,14.88
229,gualan,20,GT,1535410204,66,15.12,-89.36,77.07,2.57
230,lebu,76,ET,1535410204,96,8.96,38.73,52.32,2.8
231,borogontsy,32,RU,1535410204,72,62.67,131.17,62.67,3.69
232,san jose,20,PH,1535409993,95,15.79,120.99,78.06,1.9
233,yermakovskoye,8,RU,1535410205,95,53.28,92.4,57.54,3.13
234,kadipaten,12,ID,1535410205,82,-6.76,108.17,73.02,4.03
235,bayan,20,MN,1535410206,92,47.25,107.54,52.68,3.8
236,russell,0,AR,1535407200,33,-33.01,-68.8,73.4,5.82
237,sesheke,0,NA,1535410206,22,-17.47,24.29,65.1,12.86
238,mount gambier,0,AU,1535409969,85,-37.83,140.78,46.02,3.58
239,salme,56,TD,1535410206,74,13.3,19.7,77.16,10.96
240,nhulunbuy,0,AU,1535409000,69,-12.18,136.78,73.4,5.82
241,northam,90,GB,1535408400,72,51.04,-4.21,59.0,5.82
242,broken hill,0,AU,1535410207,57,-31.97,141.45,53.76,8.39
243,winneba,75,GH,1535407200,88,5.35,-0.62,77.0,9.17
244,gunjur,92,GM,1535410207,100,13.18,-16.76,76.26,8.16
245,itacare,75,BR,1535407200,88,-14.28,-39.0,73.4,20.8
246,gravdal,68,NO,1535408400,93,59.79,5.78,55.4,5.82
247,nortelandia,0,BR,1535410208,75,-14.45,-56.8,70.14,4.59
248,zelenoborsk,0,RU,1535410208,87,61.47,64.05,43.23,2.57
249,alekseyevsk,0,RU,1535410208,87,57.84,108.35,57.18,2.91
250,ust-kuyga,8,RU,1535410208,93,70.0,135.55,52.32,4.14
251,inzhavino,0,RU,1535410209,68,52.33,42.5,54.84,4.14
252,hasaki,75,JP,1535407200,94,35.73,140.83,73.4,6.93
253,cody,90,US,1535406960,82,44.53,-109.06,51.98,13.87
254,omboue,64,GA,1535410209,99,-1.57,9.26,76.8,11.18
255,hami,92,CN,1535410209,45,42.84,93.51,76.26,7.49
256,nanortalik,64,GL,1535410209,99,60.14,-45.24,41.16,1.23
257,cidreira,0,BR,1535410210,91,-30.17,-50.22,50.7,10.85
258,mnogovershinnyy,68,RU,1535410210,83,53.94,139.92,57.72,2.8
259,rincon,40,US,1535409720,65,32.3,-81.24,91.58,11.41
260,hailey,75,US,1535406780,33,43.52,-114.32,62.6,8.05
261,sao filipe,0,CV,1535410210,100,14.9,-24.5,77.61,13.31
262,kenora,75,CA,1535408100,58,49.76,-94.48,59.0,8.05
263,tallahassee,75,US,1535406900,69,30.44,-84.28,91.4,9.17
264,price,1,US,1535406780,2,39.6,-110.81,84.92,14.99
265,longyearbyen,75,NO,1535406600,100,78.22,15.63,39.2,1.57
266,lincoln,1,US,1535408100,49,40.8,-96.67,94.1,14.99
267,keuruu,0,FI,1535408400,100,62.26,24.71,46.4,4.7
268,shasta lake,1,US,1535409300,20,40.68,-122.36,87.98,5.82
269,mamlyutka,8,KZ,1535410212,95,54.94,68.54,53.94,10.63
270,faya,40,SA,1535407200,83,18.39,42.45,71.6,3.36
271,tazovskiy,0,RU,1535410212,84,67.47,78.7,46.47,3.91
272,mpophomeni,0,ZA,1535410212,86,-29.57,30.18,30.27,1.68
273,kolaras,92,IN,1535410212,97,25.22,77.61,73.92,6.38
274,port augusta,40,AU,1535407200,87,-32.49,137.76,44.6,3.36
275,payo,0,ID,1535410213,92,-3.75,103.64,72.12,1.79
276,yilan,75,TW,1535407200,94,24.75,121.75,78.8,1.12
277,derbent,48,RU,1535410213,86,42.06,48.29,57.99,1.12
278,adrar,0,DZ,1535407200,14,27.87,-0.29,96.8,10.29
279,dakar,20,SN,1535407200,83,14.69,-17.45,80.6,3.36
280,beloha,0,MG,1535410214,83,-25.17,45.06,55.56,3.02
281,amio,8,PH,1535410214,81,9.36,122.94,80.31,3.13
282,mount pleasant,1,US,1535408100,30,33.16,-94.97,98.6,11.41
283,cambuci,90,BR,1535407200,93,-21.57,-41.91,66.2,9.17
284,tolentino,0,IT,1535406900,63,43.21,13.28,64.4,5.82
285,ngaoundere,44,CM,1535410215,97,7.32,13.58,63.84,2.8
286,ritchie,0,ZA,1535407200,35,-29.03,24.6,39.2,1.12
287,gornopravdinsk,32,RU,1535410215,92,60.06,69.92,51.33,4.92
288,dogondoutchi,92,NE,1535410215,76,13.64,4.03,77.52,3.91
289,simao,48,CN,1535410216,95,22.76,100.79,64.02,2.8
290,tura,76,IN,1535410216,94,25.52,90.21,77.61,2.35
291,valparaiso,40,US,1535409300,62,41.47,-87.06,95.0,16.11
292,nyimba,0,ZM,1535410216,36,-14.56,30.81,60.87,5.82
293,jinji,92,CN,1535410217,100,22.16,112.49,75.54,3.36
294,skibbereen,20,IE,1535409000,81,51.55,-9.27,53.6,5.82
295,burnie,0,AU,1535410217,100,-41.05,145.91,47.01,8.61
296,turukhansk,36,RU,1535410217,90,65.8,87.96,53.31,7.61
297,vanimo,44,PG,1535410217,100,-2.67,141.3,79.05,9.17
298,velsk,80,RU,1535410218,85,61.07,42.1,59.52,5.59
299,ayagoz,0,KZ,1535410218,72,47.96,80.43,45.75,5.59
300,tierralta,68,CO,1535410218,82,8.17,-76.06,80.76,7.16
301,sao jose da coroa grande,92,BR,1535410218,96,-8.9,-35.15,72.84,8.84
302,along,92,IN,1535410218,99,28.17,94.8,68.7,1.12
303,sterling,1,US,1535408520,74,39.0,-77.4,91.4,11.41
304,seda,8,LV,1535410219,85,57.65,25.75,46.02,2.91
305,vao,20,EE,1535410219,85,59.1,26.19,48.36,2.68
306,wanlaweyn,92,SO,1535410219,82,2.62,44.89,73.38,7.94
307,bundaberg,0,AU,1535410219,100,-24.87,152.35,65.19,11.63
308,chicama,20,PE,1535407200,77,-7.84,-79.15,66.2,9.17
309,boa vista,8,BR,1535410220,96,2.82,-60.67,72.66,3.91
310,namanyere,0,TZ,1535410220,50,-7.51,31.05,51.69,4.59
311,resistencia,0,AR,1535407200,36,-27.45,-58.99,66.2,8.05
312,kaitangata,88,NZ,1535410221,88,-46.28,169.85,45.12,14.09
313,williston,90,US,1535408100,92,48.15,-103.62,51.98,8.05
314,akcakoca,88,TR,1535410221,96,41.09,31.12,67.35,2.13
315,buala,76,SB,1535410221,85,-8.15,159.59,84.09,6.71
316,yarkovo,90,RU,1535407200,100,54.81,82.6,53.6,4.47
317,novo aripuana,44,BR,1535410222,80,-5.12,-60.38,78.87,1.68
318,kruisfontein,92,ZA,1535410222,81,-34.0,24.73,59.61,24.72
319,flinders,0,AU,1535407200,64,-34.58,150.85,44.6,6.93
320,touros,24,BR,1535410190,84,-5.2,-35.46,77.07,15.99
321,wanning,20,AT,1535406600,67,48.64,13.53,62.6,2.24
322,dolores,12,AR,1535410223,50,-36.31,-57.68,58.89,14.54
323,koumac,92,NC,1535410223,100,-20.56,164.28,70.14,3.58
324,umarkot,0,PK,1535410223,79,25.37,69.74,78.69,9.4
325,tawau,75,MY,1535407200,88,4.26,117.89,75.2,2.24
326,ketchikan,90,US,1535406960,80,55.34,-131.65,64.04,12.75
327,trentola-ducenta,0,IT,1535406900,88,40.98,14.18,75.2,2.24
328,port hardy,75,CA,1535407200,87,50.7,-127.42,57.2,6.93
329,anito,0,PH,1535410224,100,12.45,125.29,82.29,6.71
330,ancud,76,CL,1535409938,97,-41.87,-73.83,48.63,7.16
331,palana,12,RU,1535410224,61,59.08,159.95,50.52,3.47
332,taltal,0,CL,1535410224,87,-25.41,-70.49,54.93,1.01
333,kuching,75,MY,1535409000,94,1.56,110.34,75.2,1.12
334,kurilsk,48,RU,1535410225,96,45.23,147.88,54.39,3.36
335,kununurra,0,AU,1535409000,77,-15.77,128.74,66.2,6.49
336,shakawe,0,BW,1535410225,24,-18.36,21.84,60.24,12.19
337,nakonde,0,ZM,1535410225,57,-9.33,32.75,57.27,7.72
338,grindavik,75,IS,1535409000,87,63.84,-22.43,46.4,8.05
339,grand gaube,40,MU,1535407200,64,-20.01,57.66,71.6,14.99
340,randudongkal,56,ID,1535410226,94,-7.09,109.33,70.5,3.13
341,palmer,90,US,1535406960,75,61.6,-149.11,60.98,2.01
342,berdigestyakh,48,RU,1535410226,87,62.1,126.7,58.62,3.69
343,saquarema,88,BR,1535410226,89,-22.93,-42.51,64.11,4.92
344,teahupoo,20,PF,1535409000,62,-17.83,-149.27,84.2,13.87
345,santa marta,40,CO,1535407200,66,11.24,-74.21,86.0,13.87
346,hellin,0,ES,1535407200,65,38.51,-1.7,77.0,10.29
347,hudson bay,92,CA,1535410118,98,52.86,-102.4,53.76,2.46
348,ayan,36,TR,1535410227,73,40.67,33.6,58.26,2.13
349,yar-sale,0,RU,1535410228,100,66.83,70.83,47.82,6.82
350,khandyga,0,RU,1535410228,80,62.65,135.58,62.85,1.57
351,saldanha,20,PT,1535410228,71,41.42,-6.55,64.11,3.02
352,salekhard,0,RU,1535410228,87,66.54,66.62,42.33,3.36
353,geraldton,75,CA,1535407200,73,49.72,-86.95,71.6,9.17
354,tecpan,20,GT,1535407200,50,14.76,-90.99,77.0,9.17
355,talara,8,PE,1535410229,75,-4.58,-81.27,69.96,8.5
356,manaure,40,CO,1535407200,39,11.78,-72.45,95.0,13.87
357,lundazi,0,ZM,1535410229,61,-12.29,33.17,63.12,12.53
358,saint-pierre,40,FR,1535409000,82,48.95,4.24,59.0,8.05
359,ottumwa,1,US,1535409300,54,41.02,-92.41,91.94,23.04
360,rio grande,0,BR,1535407200,71,-32.03,-52.1,53.6,8.05
361,poronaysk,20,RU,1535410230,98,49.22,143.1,58.98,3.58
362,sobolevo,92,RU,1535410230,99,54.43,31.9,60.06,5.93
363,alice springs,0,AU,1535409000,26,-23.7,133.88,48.2,9.28
364,hofn,92,IS,1535410230,100,64.25,-15.21,46.29,28.74
365,miajadas,0,ES,1535410231,51,39.15,-5.91,75.63,6.15
366,sanmenxia,0,CN,1535410231,66,34.77,111.19,75.45,3.58
367,nioro,80,GM,1535410231,93,13.79,-15.05,76.53,7.94
368,general roca,0,AR,1535407200,22,-39.03,-67.58,69.8,10.29
369,vila franca do campo,75,PT,1535407200,88,37.72,-25.43,71.6,2.24
370,marquard,0,ZA,1535410232,49,-28.66,27.43,25.77,4.36
371,hervey bay,20,AU,1535410232,91,-25.3,152.85,66.72,8.16
372,lavrentiya,0,RU,1535410232,86,65.58,-170.99,49.17,11.97
373,nhamunda,20,BR,1535410232,69,-2.19,-56.71,81.66,4.03
374,puerto baquerizo moreno,75,EC,1535407200,83,-0.9,-89.6,73.4,16.11
375,marabba,12,SD,1535410233,72,12.35,32.18,77.97,11.18
376,acapulco,75,MX,1535406540,74,16.86,-99.88,86.0,6.93
377,castro,56,CL,1535410208,92,-42.48,-73.76,46.74,7.72
378,bonthe,92,SL,1535410233,100,7.53,-12.5,75.36,4.59
379,umm kaddadah,24,SD,1535410234,61,13.6,26.69,76.17,8.84
380,ust-nera,0,RU,1535410234,58,64.57,143.24,51.69,2.57
381,guangshui,0,CN,1535410234,78,31.62,113.82,79.86,4.81
382,zaysan,12,KZ,1535410234,88,47.47,84.87,48.63,3.47
383,the valley,40,AI,1535407200,69,18.22,-63.06,82.4,14.99
384,sungaipenuh,56,ID,1535410235,95,-2.08,101.38,66.45,1.12
385,ciudad bolivar,32,VE,1535410235,70,8.12,-63.55,82.56,6.49
386,palu,8,ID,1535410235,85,-0.9,119.87,70.05,1.79
387,antofagasta,90,CL,1535407200,76,-23.65,-70.4,57.2,11.41
388,aloleng,68,PH,1535410235,99,16.13,119.78,79.77,11.52
389,tsabong,0,BW,1535410235,37,-26.02,22.4,34.41,6.71
390,mayo,75,CA,1535407200,59,63.59,-135.9,60.8,4.7
391,naantali,0,FI,1535408400,93,60.45,22.03,50.0,2.24
392,maragogi,92,BR,1535410199,96,-9.01,-35.22,72.84,8.84
393,soyo,56,AO,1535410236,92,-6.13,12.37,70.95,5.59
394,khash,0,IR,1535410236,24,28.22,61.21,51.42,3.02
395,port blair,20,IN,1535410236,100,11.67,92.75,81.21,22.03
396,zykovo,0,RU,1535410237,78,55.24,40.35,58.89,2.8
397,ruwi,90,OM,1535406600,94,23.6,58.55,84.2,4.7
398,iquique,75,CL,1535407200,72,-20.22,-70.14,60.8,10.29
399,ibra,0,OM,1535410237,71,22.69,58.55,72.66,2.68
400,kamienna gora,0,PL,1535409000,63,50.78,16.03,60.8,4.7
401,ust-kan,8,RU,1535410237,70,50.93,84.77,44.67,2.57
402,victoria,75,BN,1535409000,88,5.28,115.24,77.0,5.03
403,coahuayana,12,MX,1535410238,66,18.62,-100.35,79.23,2.46
404,baoding,0,CN,1535410238,86,38.86,115.49,72.75,4.14
405,san quintin,75,PH,1535407200,94,17.54,120.52,77.0,2.24
406,dicabisagan,68,PH,1535410238,96,17.08,122.42,81.66,9.17
407,malindi,0,KE,1535410239,93,-3.22,40.12,73.11,10.74
408,cairns,20,AU,1535409000,60,-16.92,145.77,73.4,11.41
409,chimbote,0,PE,1535410239,92,-9.08,-78.59,61.86,4.03
410,canora,75,CA,1535407200,59,51.64,-102.43,62.6,4.7
411,leeton,0,AU,1535410239,92,-34.55,146.4,44.31,6.04
412,le locle,0,CH,1535408400,93,47.06,6.75,69.8,1.12
413,rorvik,56,NO,1535410240,100,64.86,11.24,50.16,3.8
414,praia da vitoria,20,PT,1535407200,83,38.73,-27.07,75.2,5.48
415,durazno,0,UY,1535410240,64,-33.38,-56.52,53.31,11.3
416,zhigansk,68,RU,1535410240,75,66.77,123.37,56.46,2.68
417,cherskiy,88,RU,1535410240,80,68.75,161.3,40.62,3.58
418,poso,0,ID,1535410240,100,-1.4,120.75,78.6,5.14
419,san pedro,0,AR,1535410241,50,-33.68,-59.66,60.15,13.42
420,imeni poliny osipenko,92,RU,1535410242,96,52.42,136.49,59.7,3.91
421,manggar,0,ID,1535410242,86,-2.88,108.27,81.57,9.28
422,sola,0,FI,1535408400,93,62.78,29.36,51.8,2.24
423,salinopolis,64,BR,1535410242,95,-0.61,-47.36,81.12,16.67
424,sept-iles,75,CA,1535407200,72,50.2,-66.38,68.0,6.93
425,huarmey,0,PE,1535410243,76,-10.07,-78.15,61.14,2.35
426,fort nelson,75,CA,1535407200,76,58.81,-122.69,57.2,5.82
427,liwale,0,TZ,1535410243,56,-9.8,37.92,67.71,5.03
428,sioux lookout,90,CA,1535408160,76,50.1,-91.92,51.8,4.7
429,oktyabrskoye,8,RU,1535410243,95,56.73,85.44,53.4,6.6
430,salvador,92,BR,1535410244,100,-12.98,-38.48,75.63,16.44
431,kolobrzeg,44,PL,1535410244,83,54.18,15.58,60.96,12.64
432,dauphin,90,CA,1535407200,67,51.15,-100.04,60.8,2.24
433,riyadh,0,SA,1535407200,11,24.63,46.72,86.0,3.36
434,kabwe,0,ZM,1535410300,42,-14.44,28.44,55.11,4.7
435,sohag,0,EG,1535410245,59,26.55,31.7,75.9,5.37
436,lasa,75,CY,1535409000,83,34.92,32.53,78.8,3.36
437,furano,75,JP,1535407200,93,43.28,142.47,57.2,2.24
438,oistins,20,BB,1535407200,83,13.07,-59.53,80.6,13.87
439,san vicente,20,SV,1535406600,51,13.64,-88.78,87.8,3.36
440,hargeysa,56,SO,1535410247,64,9.56,44.06,67.71,13.09
441,caconda,0,AO,1535410247,32,-13.73,15.06,62.22,7.38
442,xinzhou,92,CN,1535410247,90,38.41,112.73,65.64,2.35
443,farmington,1,US,1535406780,19,36.73,-108.21,86.0,6.93
444,gamba,88,CN,1535410248,100,28.28,88.52,35.31,2.57
445,aksu,8,KZ,1535407200,100,52.04,76.93,44.6,4.14
446,novaya malykla,0,RU,1535410248,91,54.21,49.93,51.15,2.91
447,husavik,88,CA,1535410248,76,50.56,-96.99,61.41,9.73
448,konevo,24,BG,1535410248,88,41.67,25.61,64.11,4.14
449,alofi,75,NU,1535407200,64,-19.06,-169.92,73.4,13.87
450,georgiyevka,0,RU,1535410249,72,52.25,40.45,56.64,2.91
451,villanueva,40,NI,1535407200,59,12.96,-86.82,89.6,4.7
452,noumea,100,NC,1535409000,94,-22.28,166.46,68.0,3.36
453,saint-augustin,0,FR,1535409000,88,44.83,-0.61,69.8,4.7
454,agadir,0,MA,1535407200,78,30.42,-9.58,71.6,3.36
455,hearst,92,CA,1535410250,96,49.69,-83.67,68.16,8.95
456,zarubino,76,RU,1535410250,94,42.65,131.06,71.22,2.91
457,shimoda,75,JP,1535404800,83,34.7,138.93,73.4,2.24
458,ukiah,1,US,1535406960,33,39.15,-123.21,84.02,10.29
459,aguimes,20,ES,1535409000,69,27.91,-15.45,73.4,21.92
460,erenhot,0,CN,1535410251,96,43.65,111.97,59.52,9.06
461,brigantine,20,US,1535407200,69,39.41,-74.36,89.06,4.7
462,khuzdar,0,PK,1535410251,79,27.8,66.62,62.13,1.45
463,guanica,90,PR,1535406600,88,17.97,-66.91,75.2,3.36
464,kelamangalam,40,IN,1535409000,100,12.61,77.86,68.0,12.75
465,namibe,0,AO,1535410252,100,-15.19,12.15,65.1,5.37
466,ilave,68,PE,1535410252,91,-16.09,-69.64,42.42,3.13
467,fort-shevchenko,0,KZ,1535410252,80,44.51,50.26,70.77,14.43
468,voineasa,20,RO,1535407200,100,45.42,23.96,62.6,1.12
469,ponta delgada,75,PT,1535407200,88,37.73,-25.67,71.6,2.24
470,raglan,12,NZ,1535410253,94,-37.8,174.87,56.64,14.43
471,trujillo,20,PE,1535407200,77,-8.11,-79.03,66.2,9.17
472,libreville,40,GA,1535409000,83,0.39,9.45,78.8,8.05
473,maumere,0,ID,1535410253,100,-8.63,122.22,79.77,4.59
474,pueblo rico,40,CO,1535407200,69,5.22,-76.03,77.0,2.24
475,carutapera,0,BR,1535410253,78,-1.2,-46.02,80.4,11.18
476,pasighat,92,IN,1535410254,97,28.06,95.33,69.24,1.57
477,ponerihouen,92,NC,1535410254,100,-21.08,165.4,69.96,11.74
478,arlit,12,NE,1535410254,65,18.74,7.39,77.16,6.26
479,piterka,0,RU,1535410254,80,50.68,47.44,56.91,2.91
480,puerto del rosario,0,ES,1535409000,73,28.5,-13.86,73.4,11.41
481,karakol,64,KG,1535410255,89,42.49,78.39,35.85,2.68
482,kualakapuas,12,ID,1535407200,94,-3.01,114.39,75.2,2.24
483,linfen,36,CN,1535410216,77,36.09,111.52,71.58,3.58
484,manhattan,1,US,1535406960,49,39.18,-96.57,94.82,23.04
485,makakilo city,90,US,1535407020,84,21.35,-158.09,82.94,3.36
486,gueret,0,FR,1535409000,88,46.17,1.87,66.2,3.36
487,casselman,90,CA,1535407200,73,45.31,-75.09,78.98,4.7
488,onalaska,20,US,1535408160,59,43.88,-91.23,89.06,18.34
489,porto murtinho,0,BR,1535410259,66,-21.7,-57.88,64.92,5.37
490,tromso,90,NO,1535408400,93,69.65,18.96,46.4,19.46
491,olavarria,20,AR,1535410259,37,-36.89,-60.32,63.48,14.2
492,thunder bay,90,CA,1535407200,60,48.41,-89.26,73.4,12.75
493,lucea,75,JM,1535408700,69,18.44,-78.17,82.4,6.93
494,los llanos de aridane,44,ES,1535409000,68,28.66,-17.92,71.6,6.93
495,nha trang,24,VN,1535410260,89,12.24,109.19,81.03,9.62
496,lokomotivnyy,0,RU,1535410260,85,53.01,60.57,45.57,3.36
497,ucluelet,5,CA,1535407200,87,48.94,-125.55,57.2,4.7
498,praia,0,BR,1535407200,68,-20.25,-43.81,66.2,8.05
499,japura,48,ID,1535410261,93,-0.42,102.29,72.66,2.91
500,nishihara,90,JP,1535407980,94,35.74,139.53,77.0,6.71
501,grants pass,1,US,1535406960,58,42.44,-123.33,80.06,3.36
502,mayumba,92,GA,1535410261,100,-3.44,10.65,73.74,8.95
503,nenjiang,0,CN,1535410261,94,49.17,125.23,69.42,6.38
504,vizinga,0,RU,1535410262,83,61.08,50.08,59.07,6.38
505,carlos chagas,32,BR,1535410262,91,-17.7,-40.76,66.18,9.62
506,klaksvik,88,FO,1535408400,81,62.23,-6.59,48.2,10.29
507,el dorado,64,VE,1535410262,85,6.71,-61.64,76.71,2.13
508,patti,40,IT,1535406900,69,38.14,14.96,73.4,6.93
509,las cruces,75,CL,1535407200,87,-33.5,-71.62,53.6,3.36
510,beckley,1,US,1535408100,78,37.78,-81.19,80.96,0.67
511,la orilla,12,MX,1535410263,76,18.0,-102.23,85.71,8.16
512,merritt,1,CA,1535407200,19,50.11,-120.79,80.6,3.36
513,grenaa,68,DK,1535408400,93,56.42,10.88,57.2,8.05
514,atambua,0,ID,1535410264,100,-9.11,124.89,76.62,6.15
515,poum,44,MK,1535410264,99,41.28,20.71,56.46,1.9
516,bhadrachalam,76,IN,1535410264,89,17.67,80.89,75.27,8.28
517,hovd,75,NO,1535408400,93,63.83,10.7,51.8,4.7
518,gazanjyk,56,TM,1535410264,30,39.24,55.52,71.76,7.16
519,melfi,48,IT,1535410265,91,41.0,15.66,57.63,3.8
520,chengde,20,CN,1535410265,85,40.97,117.93,68.79,3.24
521,tambovka,0,UA,1535410265,36,46.93,35.45,71.94,11.86
522,mehamn,75,NO,1535406600,76,71.03,27.85,50.0,13.87
523,juruti,20,BR,1535410265,87,-2.16,-56.09,78.51,2.24
524,muros,0,ES,1535409000,88,42.77,-9.06,68.0,1.12
525,yenagoa,64,NG,1535410266,95,4.92,6.26,70.95,5.03
526,turayf,0,SA,1535407200,64,31.68,38.65,73.4,13.87
527,thinadhoo,76,MV,1535410266,98,0.53,72.93,84.63,8.5
528,dharchula,80,IN,1535410266,100,29.85,80.53,54.84,0.22
529,boo,80,NG,1535410266,99,7.44,8.9,71.31,3.24
530,lata,56,IN,1535410266,100,30.78,78.62,58.26,1.68
531,khuzhir,0,RU,1535410267,89,53.19,107.35,56.46,4.14
532,jalu,0,LY,1535410267,41,29.03,21.55,80.4,9.73
533,kimbe,8,PG,1535410267,100,-5.56,150.15,81.3,2.46
534,kotturu,88,IN,1535410267,95,14.82,76.23,70.32,9.95
535,ixtapa,90,MX,1535406360,79,20.71,-105.21,86.0,9.17
536,ahuimanu,75,US,1535407020,77,21.44,-157.84,82.94,11.41
537,auki,92,NG,1535410268,98,12.18,6.51,70.59,8.61
538,colombia,0,CO,1535409996,60,3.38,-74.8,73.47,3.13
539,chabahar,8,IR,1535410268,100,25.29,60.65,80.4,3.69
540,yelizovo,90,RU,1535407200,93,53.19,158.38,53.6,4.47
541,baie-saint-paul,32,CA,1535410268,80,47.44,-70.51,68.97,5.37
